sim_name,n_neurons,n_edges,batch_size,seq_len,mean_rate,sem_rate,mean_step_time,sem_step_time,mean_gpu_memory,sem_gpu_memory,mode
,66652,55687209,10,4000,0.0007,0.0000,49.0115,7.8387,21.5283,0.1947,"test"
,66652,55687209,10,4000,0.0035,0.0000,38.1809,0.1263,20.9170,0.0000,"test"
,66652,55687209,10,4000,0.0037,0.0000,38.9337,0.1457,20.9482,0.1074,"test"
,66652,55687209,10,4000,0.0007,0.0000,28.1606,0.1209,20.2061,0.0529,"test"
,66652,55687209,10,4000,0.0007,0.0000,28.1645,0.1422,20.3557,0.0886,"test"
,66652,55687209,10,4000,0.0007,0.0000,28.0760,0.0947,20.3623,0.0909,"test"
,66652,55687209,10,4000,0.0007,0.0000,28.2637,0.1051,21.3857,0.0000,"test"
,66652,55687209,10,4000,0.0007,0.0000,28.2881,0.1180,20.2998,0.0535,"test"
,66652,55687209,10,4000,0.0007,0.0000,28.2450,0.1232,21.2607,0.0000,"test"
,66652,55687209,10,4000,0.0007,0.0000,28.2668,0.1029,20.5146,0.1498,"test"
,66652,55687209,10,4000,0.0007,0.0000,28.1612,0.0747,20.1162,0.0767,"test"
,66652,55687209,10,4000,0.0007,0.0000,28.2600,0.1083,20.0693,0.0704,"test"
,66652,55687209,10,4000,0.0007,0.0000,28.2904,0.0938,20.4521,0.0903,"test"
,66652,55687209,10,4000,0.0007,0.0000,28.1429,0.1070,20.3936,0.0804,"test"
,66652,55687209,10,4000,0.0007,0.0000,28.4081,0.1146,20.0967,0.0934,"test"
,66652,55687209,10,4000,0.0007,0.0000,28.3798,0.1343,20.0310,0.0818,"test"
,66652,55687209,10,4000,0.0007,0.0000,28.2955,0.1239,20.3486,0.0365,"test"
,66652,55687209,10,4000,0.0007,0.0000,28.1531,0.1050,21.0420,0.0000,"test"
,66652,55687209,10,4000,0.0007,0.0000,28.2510,0.1438,20.3936,0.0512,"test"
,66652,55687209,10,4000,0.0007,0.0000,28.1876,0.0897,20.0303,0.0555,"test"
,66652,55687209,10,4000,0.0007,0.0000,28.2197,0.1022,20.0146,0.0548,"test"
,66652,55687209,10,4000,0.0007,0.0000,27.9682,0.0775,20.1396,0.1172,"test"
,66652,55687209,10,4000,0.0007,0.0000,28.0317,0.1009,20.0889,0.0287,"test"
,66652,55687209,10,4000,0.0007,0.0000,28.2473,0.0783,20.4795,0.0383,"test"
,66652,55687209,10,4000,0.0007,0.0000,28.2004,0.1109,20.1553,0.0481,"test"
,66652,55687209,10,4000,0.0007,0.0000,44.2650,0.0887,20.6982,0.0000,"test"
,66652,55681990,10,4000,0.0006,0.0000,43.6628,0.2228,21.2549,0.0160,"test"
,66652,55681990,10,4000,0.0007,0.0000,44.5475,0.3711,21.8877,0.1644,"test"
,66652,55681990,10,4000,0.0009,0.0000,77.9805,1.6487,21.7432,0.1215,"test"
,66652,55687209,10,4000,0.0037,0.0000,61.5653,0.1490,21.4795,0.0000,"test"
,66652,55681990,10,4000,0.0037,0.0000,59.9684,0.1896,21.0928,0.0560,"test"
,66652,55681990,10,4000,0.0037,0.0000,61.8558,0.1627,21.5068,0.0902,"test"
,66652,55681990,10,4000,0.0037,0.0000,39.4169,0.6279,20.9209,0.0867,"test"
,66652,55687209,10,4000,0.0038,0.0000,62.3407,0.1693,21.3311,0.0499,"test"
,66652,55681990,10,4000,0.0038,0.0000,60.0425,0.2156,21.6553,0.1433,"test"
,66652,55681990,10,4000,0.0038,0.0000,62.5407,0.1213,21.3154,0.0658,"test"
,66652,55681990,10,4000,0.0038,0.0000,39.2670,0.1277,21.5430,0.0003,"test"
,66652,55687209,10,4000,0.0038,0.0000,62.9386,0.1418,21.1670,0.0191,"test"
,66652,55681990,10,4000,0.0038,0.0000,60.3006,0.2278,21.7021,0.1133,"test"
,66652,55681990,10,4000,0.0038,0.0000,39.1217,0.1010,21.5732,0.0000,"test"
,66652,55681990,10,4000,0.0038,0.0000,62.8798,0.1574,21.5732,0.0000,"test"
,66652,55681990,10,4000,0.0039,0.0000,61.6750,0.2147,21.3037,0.1524,"test"
,66652,55687209,10,4000,0.0039,0.0000,63.1721,0.0984,21.3896,0.0752,"test"
,66652,55681990,10,4000,0.0039,0.0000,39.8108,0.0982,20.7139,0.0587,"test"
,66652,55681990,10,4000,0.0039,0.0000,63.1938,0.1921,21.6123,0.1096,"test"
,66652,55681990,10,4000,0.0038,0.0000,60.2326,0.1528,21.6982,0.2652,"test"
,66652,55687209,10,4000,0.0038,0.0000,62.7174,0.1904,21.4209,0.0548,"test"
,66652,55681990,10,4000,0.0038,0.0000,62.4123,0.1795,21.3936,0.1106,"test"
,66652,55687209,10,4000,0.0038,0.0000,63.9550,0.1088,21.3545,0.0428,"test"
,66652,55681990,10,4000,0.0038,0.0000,61.9224,0.1102,21.1709,0.0508,"test"
,66652,55681990,10,4000,0.0038,0.0000,62.8741,0.1173,21.3779,0.0658,"test"
,66652,55681990,10,4000,0.0009,0.0000,46.5600,0.1935,20.7725,0.0802,"test"
,66652,55687209,10,4000,0.0039,0.0000,63.5999,0.1829,21.5303,0.1095,"test"
,66652,55681990,10,4000,0.0039,0.0000,60.4707,0.1375,21.9482,0.0000,"test"
,66652,55681990,10,4000,0.0038,0.0000,62.9068,0.1990,22.1982,0.0000,"test"
,66652,55681990,10,4000,0.0037,0.0000,62.1870,0.2802,21.3623,0.0658,"test"
,66652,55687209,10,4000,0.0039,0.0000,62.9834,0.2116,21.6553,0.1131,"test"
,66652,55681990,10,4000,0.0039,0.0000,60.6663,0.1101,21.3545,0.0765,"test"
,66652,55681990,10,4000,0.0039,0.0000,63.4548,0.1560,21.4443,0.0415,"test"
,66652,55681990,10,4000,0.0038,0.0000,63.0821,0.1884,21.2920,0.0566,"test"
,66652,55681990,10,4000,0.0039,0.0000,61.4532,0.1830,21.0576,0.0214,"test"
,66652,55687209,10,4000,0.0039,0.0000,67.6951,0.1762,22.1045,0.0000,"test"
,66652,55681990,10,4000,0.0039,0.0000,67.9841,0.2402,21.7217,0.1391,"test"
,66652,55687209,10,4000,0.0039,0.0000,67.9463,0.1735,21.5850,0.0854,"test"
,66652,55681990,10,4000,0.0038,0.0000,62.9587,0.1120,21.4521,0.0256,"test"
,66652,55681990,10,4000,0.0039,0.0000,60.8450,0.1784,21.5498,0.0512,"test"
,66652,55681990,10,4000,0.0039,0.0000,63.4964,0.1755,22.3584,0.1425,"test"
,66652,55687209,10,4000,0.0039,0.0000,63.8089,0.1261,22.5420,0.0000,"test"
,66652,55681990,10,4000,0.0039,0.0000,63.7288,0.1920,21.3975,0.0957,"test"
,66652,55681990,10,4000,0.0039,0.0000,65.3515,0.3499,21.7217,0.2467,"test"
,66652,55681990,10,4000,0.0039,0.0000,64.0134,0.2187,24.9131,0.0372,"test"
,66652,55687209,10,4000,0.0038,0.0000,62.4733,0.1614,21.7451,0.0438,"test"
,66652,55681990,10,4000,0.0038,0.0000,60.5996,0.1524,21.2217,0.0622,"test"
,66652,55681990,10,4000,0.0038,0.0000,62.9351,0.1249,21.1240,0.0485,"test"
,66652,55681990,10,4000,0.0038,0.0000,63.1657,0.1343,21.4951,0.1602,"test"
,66652,55687209,10,4000,0.0040,0.0000,64.0745,0.1599,21.3506,0.0591,"test"
,66652,55681990,10,4000,0.0040,0.0000,61.7631,0.2048,21.8315,0.1097,"test"
,66652,55681990,10,4000,0.0040,0.0000,63.8530,0.1480,22.2927,0.0003,"test"
,66652,55681990,10,4000,0.0038,0.0000,62.6356,0.1441,21.4678,0.0462,"test"
,66652,55687209,10,4000,0.0039,0.0000,63.3032,0.1247,22.3232,0.0000,"test"
,66652,55681990,10,4000,0.0039,0.0000,60.8386,0.1774,21.2217,0.0335,"test"
,66652,55681990,10,4000,0.0039,0.0000,63.3872,0.1630,21.6084,0.0160,"test"
,66652,55681990,10,4000,0.0039,0.0000,62.7942,0.1546,22.4482,0.0000,"test"
,66652,55687209,10,4000,0.0039,0.0000,63.6501,0.1918,21.9482,0.1169,"test"
,66652,55681990,10,4000,0.0039,0.0000,60.8028,0.1541,21.9170,0.0000,"test"
,66652,55681990,10,4000,0.0039,0.0000,63.2512,0.1146,21.9248,0.1389,"test"
,66652,55681990,10,4000,0.0039,0.0000,63.5217,0.1703,22.1553,0.1279,"test"
,66652,55681990,10,4000,0.0039,0.0000,61.3344,0.2220,21.2529,0.0048,"test"
,66652,55687209,10,4000,0.0039,0.0000,63.2303,0.2402,21.4795,0.0000,"test"
,66652,55681990,10,4000,0.0039,0.0000,63.4856,0.2110,21.0420,0.0982,"test"
,66652,55681990,10,4000,0.0039,0.0000,63.5995,0.2057,21.5225,0.1230,"test"
,66652,55681990,10,4000,0.0040,0.0000,62.3976,0.2872,21.0750,0.0002,"test"
,66652,55687209,10,4000,0.0041,0.0000,65.0173,0.2593,21.3193,0.0831,"test"
,66652,55681990,10,4000,0.0039,0.0000,63.4248,0.1502,21.2061,0.0434,"test"
,66652,55681990,10,4000,0.0038,0.0000,65.1202,0.1491,20.9656,0.0289,"test"
,66652,55687209,10,4000,0.0038,0.0000,67.4352,0.1854,21.7373,0.1096,"test"
,66652,55681990,10,4000,0.0039,0.0000,67.9748,0.2444,21.2256,0.0621,"test"
,66652,55681990,10,4000,0.0038,0.0000,63.4975,0.1290,21.1357,0.0879,"test"
,66652,55681990,10,4000,0.0038,0.0000,64.9512,0.3579,21.8232,0.0000,"test"
,66652,55681990,10,4000,0.0038,0.0000,63.3965,0.2303,21.4170,0.0829,"test"
,66652,55681990,10,4000,0.0039,0.0000,61.1017,0.1910,21.1826,0.0387,"test"
,66652,55687209,10,4000,0.0039,0.0000,63.8840,0.1961,21.6357,0.0000,"test"
,66652,55681990,10,4000,0.0039,0.0000,64.9479,0.1380,21.2842,0.0239,"test"
,66652,55681990,10,4000,0.0040,0.0000,68.0365,0.2600,21.3701,0.0861,"test"
,66652,55681990,10,4000,0.0039,0.0000,67.7117,0.2154,21.5972,0.1178,"test"
,66652,55681990,10,4000,0.0039,0.0000,63.9153,0.1901,21.6375,0.0860,"test"
,66652,55681990,10,4000,0.0039,0.0000,64.1098,0.2304,21.5459,0.0918,"test"
,66652,55681990,10,4000,0.0040,0.0000,64.8574,0.1429,22.4131,0.2083,"test"
,66652,55681990,10,4000,0.0038,0.0000,63.8737,0.1519,21.4404,0.0950,"test"
,66652,55681990,10,4000,0.0038,0.0000,62.9698,0.2093,21.5264,0.0850,"test"
,66652,55681990,10,4000,0.0039,0.0000,64.4109,0.2462,21.3818,0.0160,"test"
