,w0,w1,w2,w3
exc_to_exc,-0.15607427737676893,1.1737309275166232,0.6629374870129391,-0.04557338541502495
exc_to_e23,-0.03338854477386177,0.8765457663320754,0.6184310732753338,0.1254212778386696
exc_to_e4,-0.20552566576021886,1.303017377028461,0.4624033441978558,-0.05878958217209287
exc_to_e5et,-0.19926166839876414,1.4393217101708298,0.9353544978340131,-0.1115328417311198
exc_to_e5it,0.01977199048837905,0.7851458443162773,0.45769742505887523,0.43008994648317866
exc_to_e5np,-0.05730368160177657,1.0260395236075626,0.4372752234540059,-0.0508713404163231
exc_to_e6,-0.10931825782649213,1.1049927829746897,0.38215803814596716,-0.03317758528941811
exc_to_pv,0.7456538190291555,0.4896141424905075,0.00943018266116405,0.0059396547975929664
exc_to_sst,0.2545528827646991,0.9414405621874011,0.15170656501655866,0.008551402552153788
exc_to_vip,-0.07145610862194718,1.1105029762578829,0.22998735057173514,-0.022312317743189383
exc_to_inh,0.5442615806985398,0.7002483728135459,0.030475115482576476,0.01071435823654724
e23_to_exc,0.05921006319915134,0.8536976989818483,0.5164656825152495,0.09403662985630841
e23_to_e23,0.022252080565646343,0.7929473555740183,0.6762778843344545,0.10695131506749941
e23_to_e4,-0.20552566574446296,1.303017377004039,0.4624033442149459,-0.05878958217752974
e23_to_e5et,-0.21981649728154118,1.470578834026003,0.9134948974913195,-0.10450603293640055
e23_to_e5it,0.08255891514603567,0.6888878410012583,0.5256843741630497,0.40803189818654867
e23_to_e5np,-0.05318812780697979,1.0195334279540411,0.4419323137381484,-0.05237480122183766
e23_to_e6,-0.10931825781520899,1.1049927829595365,0.3821580381547562,-0.033177585291758946
e23_to_pv,0.7547542012918472,0.4797135834115456,-0.03126055572009538,0.010343218619631875
e23_to_sst,0.2793483205353632,0.8611096994234748,0.15996907231833424,0.021742230362640884
e23_to_vip,-0.05803849591366095,1.0864733761789704,0.18051880318423402,-0.017677284111577193
e23_to_inh,0.5303502017875223,0.6828444654463659,0.001665780266598027,0.015024590840799126
e4_to_exc,-0.201939586258982,1.2733414740108382,0.6798668753474878,-0.06728757102002118
e4_to_e23,-0.03172918891239451,0.8742564135902832,0.6200419531412477,0.12484817577197715
e4_to_e4,-0.2069249028789673,1.3386563465780752,0.4842713761995749,-0.0602905087100289
e4_to_e5et,-0.2052147613971952,1.1948040919102745,0.8611129478109076,-0.08432097931632204
e4_to_e5it,0.01977199049870826,0.7851458443007653,0.45769742506862365,0.43008994648056387
e4_to_e5np,-0.024815920950561177,0.9762629181532618,0.4723623978279622,-0.06222294795243072
e4_to_e6,-0.10931825783122535,1.1049927829816055,0.38215803814108423,-0.03317758528780914
e4_to_pv,0.8801992852701304,0.3249799345184654,0.10620079967018492,-0.01958455600624304
e4_to_sst,0.28452123325235057,0.8959833887498739,0.1834184073216507,-0.0016235461199620022
e4_to_vip,-0.07145610861755657,1.1105029762517495,0.2299873505754476,-0.02231231774421623
e4_to_inh,0.7528575708915405,0.28898740968516506,0.12014739462424835,0.08377863357776613
e5et_to_exc,-0.12283086674739,1.5313995352249696,0.7185792713086784,-0.0636514577597162
e5et_to_e23,0.06286649286021803,0.7314471077758391,0.7194656210380207,0.09291339045586927
e5et_to_e4,-0.2055256657503285,1.3030173770126627,0.4624033442093497,-0.058789582175829906
e5et_to_e5et,-0.24872768293176767,2.347669924081676,0.5974539878542809,-0.07842158880600099
e5et_to_e5it,0.019771990494740987,0.7851458443080594,0.45769742506311434,0.4300899464822649
e5et_to_e5np,-0.10931825782431537,1.1049927829723822,0.3821580381464689,-0.03317758528925324
e5et_to_e6,-0.06693802143201333,1.0407070846223205,0.4270038736064032,-0.047565659567409185
e5et_to_pv,0.7456538190365036,0.4896141424773274,0.00943018267146764,0.00593965479405778
e5et_to_sst,0.25455288276037313,0.941440562194456,0.15170656501120078,0.008551402553982578
e5et_to_vip,-0.07145610862520727,1.1105029762628844,0.22998735056857195,-0.022312317742391577
e5et_to_inh,0.5732600387237733,0.5922480248173034,0.04491972702149391,0.019147545601948684
e5it_to_exc,-0.030648024110736638,0.8298889719523039,0.7373219544378189,0.13938416410231952
e5it_to_e23,0.043139085258394466,0.7612853672306966,0.698339324789647,0.09988309308403386
e5it_to_e4,-0.20552566574969947,1.303017377011853,0.4624033442095572,-0.05878958217581479
e5it_to_e5et,-0.23796725906920813,1.4981066573295063,0.8943058393470442,-0.09835645335097515
e5it_to_e5it,0.07069680538100459,0.6473901880864845,0.6299715681816302,0.35645481473502233
e5it_to_e5np,-0.10931825782144045,1.1049927829664419,0.3821580381518648,-0.033177585291305614
e5it_to_e6,-0.10931825782892174,1.104992782978563,0.38215803814298277,-0.03317758528841068
e5it_to_pv,0.5879467019407825,0.514160413161035,0.013420980025730285,0.0877442046231675
e5it_to_sst,0.2864587945137818,0.970489914982336,0.11674044060827987,0.00482873148749513
e5it_to_vip,-0.0714561086210804,1.1105029762571648,0.22998735057169756,-0.022312317743022253
e5it_to_inh,0.33543141049743874,0.8842638606267463,0.08883429412333219,0.010825792847282578
e5np_to_exc,-0.05343502586221327,1.0201564975891304,0.4413888540387136,-0.05219332413445199
e5np_to_e23,-0.029024192190538006,0.8701405896797199,0.6229058649037951,0.12393608254830071
e5np_to_e4,-0.20552566576005718,1.3030173770281808,0.46240334419769635,-0.0587895821719677
e5np_to_e5et,-0.205368262620892,1.4485017382516647,0.9289437765743065,-0.10945468738331675
e5np_to_e5it,0.019771990488645627,0.7851458443155958,0.45769742505934163,0.4300899464830434
e5np_to_e5np,-0.10931825783799086,1.1049927829909285,0.38215803813531224,-0.033177585286181234
e5np_to_e6,-0.1093182578289803,1.1049927829782833,0.38215803814335836,-0.03317758528856483
e5np_to_pv,1.0378511494831804,1.1177730084243238,-0.03165210613422367,0.005540818119579252
e5np_to_sst,0.2545528827676332,0.9414405621846845,0.1517065650174541,0.008551402552056907
e5np_to_vip,-0.07145610863145113,1.1105029762741871,0.22998735055946712,-0.022312317739200477
e5np_to_inh,0.768209606032466,1.0216839220203737,0.5174427143397222,-0.06967995324616297
e6_to_exc,-0.1093182578298224,1.1049927829790025,0.3821580381431816,-0.0331775852885752
e6_to_e23,0.006068119594166699,0.8173698166114639,0.6593309978256194,0.1123656584283973
e6_to_e4,-0.20552566574804548,1.3030173770091527,0.4624033442117441,-0.058789582176572784
e6_to_e5et,-0.18884206225759037,1.4234762588957386,0.9464470086945964,-0.11510453101342263
e6_to_e5it,0.019771990516305377,0.7851458442754723,0.4576974250861472,0.43008994647468046
e6_to_e5np,-0.10931825782912012,1.1049927829786481,0.3821580381429114,-0.03317758528834058
e6_to_e6,-0.10931825782538171,1.1049927829732045,0.3821580381465291,-0.03317758528940583
e6_to_pv,1.0378511494342169,1.117773008496259,-0.03165210618292724,0.005540818135055373
e6_to_sst,0.25455288276349863,0.9414405621914771,0.151706565012117,0.008551402553891245
e6_to_vip,-0.0714561086227127,1.1105029762606773,0.22998735056880787,-0.022312317742062743
e6_to_inh,0.7709646650499404,1.0185215778469308,0.519487389627348,-0.0706203541145028
pv_to_exc,0.14144023438021444,0.8606983163068602,0.12445286578278819,0.2918868383608678
pv_to_e23,0.23137550329452714,0.8119512881037575,0.07988758500326351,0.2927932324994525
pv_to_e4,0.21418654069546122,0.7156045269388749,0.43369921789107885,0.08738267384976774
pv_to_e5et,-0.006008247569724318,0.7832558889186207,0.39123363047597803,0.23884959961757163
pv_to_e5it,0.3730422748924394,0.7205675320595641,0.0010537620075969645,0.23019533586338523
pv_to_e5np,0.11828660139106874,0.870686497521384,0.13800538459685904,0.28935338176913683
pv_to_e6,0.11828660139660704,0.8706864975130109,0.1380053846026229,0.289353381767287
pv_to_pv,0.5821268018639134,0.5528149391250595,0.15375153405665373,0.039250539806776334
pv_to_sst,-0.21852427404277183,1.7574368765160573,0.7194146728570567,-0.07935402482185043
pv_to_vip,0.6280726348272738,0.46981749135933576,0.2550120742261023,0.01443060701336121
pv_to_inh,0.5655362581256563,0.5625161195754242,0.19192951263688376,0.03426911541765523
sst_to_exc,-0.041372338457046576,0.29435142460670516,1.4778341018732855,0.10896775362908448
sst_to_e23,-0.10097268547244165,0.4377367880909254,1.6635967409454464,-0.009747878994506298
sst_to_e4,0.18701233715794616,0.6842423549474511,0.8158533706977533,0.18175354657020437
sst_to_e5et,0.009215507676337248,0.6784442432772166,1.0116954510865985,0.14980230524388466
sst_to_e5it,0.4186173180595355,0.5768126458630675,0.6589779696163224,0.2215048975569448
sst_to_e5np,0.14609031956325455,0.7458771393240025,0.7732087166178621,0.19533478085944136
sst_to_e6,0.13069961222542265,0.76876754929885,0.7576017904314684,0.20023951563379747
sst_to_pv,-0.0548424411672479,0.9086618970872357,0.7530617022026489,-0.038318578379601315
sst_to_sst,0.01101361827575198,0.977167645114259,0.30307826083154094,0.00732363978462245
sst_to_vip,0.049877415874416076,0.902583709999085,0.4557078207657913,0.05424129865310806
sst_to_inh,0.006669545340856425,0.9397475414696099,0.47784922873770663,-0.005186406094267848
inh_to_exc,0.13689772575078527,0.8235420648630788,0.24946407429039585,0.23316649097125192
inh_to_e23,0.20340348816295054,0.6581614735567075,0.545938906282044,0.22581222078949395
inh_to_e4,0.12957842468917086,0.852891012994338,0.17313120344463762,0.2401490277005126
inh_to_e5et,-0.10579002702579277,0.9742615423175981,0.1412978777074701,0.7507961049273396
inh_to_e5it,0.427214848068859,0.6401393846230639,0.08461790722632576,0.44749007113758754
inh_to_e5np,0.21619233829845963,0.7024885436872981,0.33444631379514606,0.2057706145946553
inh_to_e6,0.13689772575504527,0.8235420648557594,0.24946407429607226,0.2331664909694097
inh_to_pv,0.5579653587099471,0.5155355659438094,0.2648968031377531,0.04237284256351684
inh_to_sst,-0.04184713752166719,1.0017752829843838,0.555807848580362,-0.009321929270948059
inh_to_vip,0.03352774435003919,0.9260129169575795,0.5736400307361518,0.0544849676541127
inh_to_inh,0.3894769903196859,0.7200050951074896,0.26621464440653475,0.025521517132163593
vip_to_exc,0.13689772575268688,0.8235420648570266,0.2494640742965573,0.23316649096887304
vip_to_e23,0.1828122038809742,0.6906173646047464,0.52229835276986,0.2336884537729895
vip_to_e4,0.1295784246979325,0.8528910129811792,0.17313120345338912,0.24014902769800517
vip_to_e5et,-0.10579002702529672,0.9742615423175565,0.1412978777071165,0.7507961049274576
vip_to_e5it,0.42721484804610943,0.6401393846574003,0.08461790720202558,0.4474900711454999
vip_to_e5np,0.1368977257549958,0.8235420648564599,0.24946407429530104,0.2331664909697172
vip_to_e6,0.21395425788455713,0.705759291763514,0.33227057018827055,0.20643665177737053
vip_to_pv,-0.10555837891582553,0.477995335001054,1.2756028952464016,-0.0008000617865455695
vip_to_sst,-0.17187285446002118,0.7869688709109737,0.9674219507709223,-0.054947862924065095
vip_to_vip,-0.19212517124208636,0.7207730373771652,1.1870563180484572,-0.08243770243965595
vip_to_inh,-0.19212517123290693,0.7207730373679013,1.1870563180510443,-0.08243770243917034
